<?xml version="1.0" encoding="UTF-8" ?> 
<Module>
  <ModulePrefs title="Element Panel" 
		description="Display detailed availability information for a single element including topological parents status and service monitor status."
		thumbnail="elementPanelThm.png">
    <Require feature="dynamic-height"/>
  </ModulePrefs>
  <gadget_version>
  	<%= pkg.gadget_version %>
  </gadget_version>
  <grid_info>
    <supported_versions>
      7.3,7.4,7.5,7.6,7.7,7.8,7.9,7.10,8.0
    </supported_versions>
    <supported_platforms>
      windows,linux
    </supported_platforms>
    <requires_agent_scripts>
      false
    </requires_agent_scripts>
    <upgrade_in_place>
      true
    </upgrade_in_place>
  </grid_info>
  <Content type="html">
<![CDATA[ 

<html lang="en">
	<head>
		#includeResources(jquery)

		<meta charset="utf-8">
		<meta http-equiv="X-UA-Compatible" content="IE=Edge" />
		<title>Element Panel</title>

		<link rel="stylesheet" type="text/css" href="__UPTIME_GADGET_BASE__/elementPanel.css" />

		<script type="text/javascript" src="__UPTIME_GADGET_BASE__/jquery.ba-throttle-debounce.min.js?v=<%= pkg.gadget_version %>"></script>		
		<script type="text/javascript" src="__UPTIME_GADGET_BASE__/uptimeElementStatusSimpleTableChart.js?v=<%= pkg.gadget_version %>"></script>
		<script type="text/javascript" src="__UPTIME_GADGET_BASE__/elementPanel.js?v=<%= pkg.gadget_version %>"></script>		
	</head>
	<body>
		<div id="widgetSettings">

			<form id="widgetOptions">
				<div class="elementSelectorDiv editSection">
					<label for="elementId">Select Element:</label><br/>
					<select id="elementId" class="widget-option">
						<option value="-1">Loading...</option>
					</select>
				</div>
				<div class="monitorInfoDiv editSection">
					Display:
					<br/>
					<input type="checkbox" checked id="lastTransitionTime" class="widget-option" name="columnOptions" value="lastTransitionTime"> Duration
					<br/>
					<input type="checkbox" id="lastCheckTime" class="widget-option" name="columnOptions" value="lastCheckTime"> Last Check Time
					<br/>
					<input type="checkbox"  id="message" class="widget-option" name="columnOptions" value="message"> Monitor Message
					<br/>
					<input type="checkbox"  id="isAcknowledged" class="widget-option" name="columnOptions" value="isAcknowledged"> Is Acknowledged
					<br/>
					<input type="checkbox"  id="acknowledgedComment" class="widget-option" name="columnOptions" value="acknowledgedComment"> Acknowledgement Comment
				</div>
				<div class="refreshRateDiv editSection">
					<label for="refreshRate">Refresh Rate:</label>
					<select id="refreshRate" class="widget-option" name="refreshRate">
						<option value="30">30s</option>
						<option value="60">1m</option>
						<option value="300">5m</option>
						<option value="600">10m</option>
						<option value="900">15m</option>
						<option value="3600">1h</option>
						<option value="-1">Never</option>
					</select>
				</div>
				<div class="buttonsDiv">
					<button id="closeSettings">Close</button>
				</div>
			</form>
		</div>

		<div id = "widgetChart">
			<table id="elementInfoTable"><tbody><tr>
				<td id="elementStatus" class="element-status"><div class="os-icon-container"><div class="os-icon"><img src="/images/icon-system.gif" class="os-icon-img"/></div></div><div id="elementStatusText"></div></td>
				<td id="topoParentsStatus" class="topo-parents-status">Topological Parents:<br/></td>
			</tr><tbody></table>
			<table id='statusTable' style='width:100%; border:0px;'><thead></thead><tbody></tbody></table>
		</div>
		<div id="statusBar"></div>
	</body>
</html>

]]>
  </Content> 
</Module>
